"","文月蜜柑","きぱ","nah","たまき","鍋島","水雲","麗凪魅","イサ","Clra","四継木","en","咲","きみと","上板","P太郎","峰コ","幸葉","英一","しらたま","霜川月","ほっぷす。","奏汰","だいふくもち"
"9/3(水)","-","○","○","×","×","×","○","×","×","○","×","○","○","×","○","×","×","○","○","×","○","×","×"
"9/4(木)","-","×","×","○","×","×","△","×","×","×","○","○","×","○","○","×","×","×","○","×","○","×","×"
"9/5(金)","-","○","○","×","×","○","×","×","○","×","×","×","×","○","○","×","×","×","○","×","○","○","×"
"9/6(土)","-","○","△","×","×","×","×","×","○","×","◎","×","○","×","×","○","×","×","○","×","×","○","×"
"9/7(日)","-","○","◎","○","○","×","×","×","×","×","×","◎","×","◎","×","×","×","○","○","-","×","×","×"
"9/8(月)","-","○","○","×","×","○","×","×","×","○","○","◎","○","×","○","○","×","○","○","-","○","○","×"
"9/9(火)","-","○","○","×","×","×","×","×","×","×","○","◎","○","○","○","○","○","○","○","-","○","○","×"
"9/10(水)","-","×","○","○","×","×","×","×","×","○","×","◎","○","×","○","×","×","×","○","-","○","×","×"
"9/11(木)","-","×","○","×","×","×","×","○","×","×","○","○","○","○","○","×","×","○","○","-","○","×","×"
"9/12(金)","-","×","○","×","○","○","×","×","○","○","○","×","×","○","○","○","×","○","○","×","○","○","×"
"9/13(土)","-","×","△","×","○","×","○","×","×","×","◎","○","◎","◎","◎","×","◎","○","○","×","×","○","×"
"9/14(日)","-","×","◎","○","○","×","×","×","×","×","◎","○","○","◎","△","×","×","×","○","×","×","×","×"
"9/15(月)","◎","○","◎","○","○","×","×","○","×","×","◎","×","◎","○","×","×","◎","×","○","×","○","×","×"
"9/16(火)","◎","○","○","×","○","×","×","○","×","×","○","×","○","○","×","○","×","○","○","-","×","×","×"
"9/17(水)","◎","×","○","×","○","×","◎","○","○","○","×","×","○","×","×","×","×","×","○","×","○","○","×"
"9/18(木)","△","×","○","×","×","×","×","○","×","×","×","×","○","×","○","×","×","×","×","-","○","×","×"
"9/19(金)","×","○","×","×","×","○","○","×","×","×","○","○","×","×","○","○","×","×","○","×","×","×","×"
"9/20(土)","△","○","△","×","×","×","○","×","×","×","○","×","○","×","△","○","○","×","×","×","×","×","×"
"9/21(日)","◎","○","◎","×","○","×","×","×","×","×","×","×","◎","×","△","×","×","×","×","×","○","×","×"
"9/22(月)","○","○","○","×","○","○","○","○","×","×","○","×","○","×","○","○","○","○","×","×","○","○","×"
"9/23(火)","◎","○","◎","○","○","×","◎","○","×","×","◎","○","◎","◎","○","×","◎","○","×","-","○","×","×"
"9/24(水)","◎","×","○","×","×","×","×","○","○","○","×","○","○","×","○","○","×","×","○","×","×","×","×"
"9/25(木)","△","×","○","×","×","○","×","○","○","○","×","×","○","×","○","○","×","○","×","×","×","○","×"
"9/26(金)","×","○","○","◎","×","○","○","×","○","×","○","○","×","×","○","○","×","○","○","×","×","×","×"
"9/27(土)","◎","○","◎","◎","×","×","○","×","×","×","◎","◎","◎","◎","△","×","◎","○","×","×","×","×","×"
"9/28(日)","×","○","◎","○","×","◎","×","×","○","○","◎","◎","◎","◎","△","×","×","○","×","×","×","×","×"
"9/29(月)","◎","○","○","×","-","×","×","○","×","○","○","○","×","○","○","×","○","○","×","×","○","○","×"
"9/30(火)","◎","○","×","×","-","×","◎","○","○","×","○","○","×","○","○","×","○","○","○","○","×","○","×"
"10/1(水)","◎","×","○","○","×","×","×","×","○","△","-","-","×","×","-","×","×","×","○","-","○","×","○"
"10/2(木)","×","×","○","○","×","○","○","×","○","○","-","-","×","○","-","×","×","×","○","-","○","×","×"
"10/3(金)","×","○","○","×","×","×","◎","×","○","×","-","-","×","○","-","×","×","×","○","×","○","×","×"
"10/4(土)","◎","○","△","○","-","◎","×","×","○","×","-","×","△","◎","-","×","◎","○","○","×","○","○","×"
"10/5(日)","◎","○","△","○","-","×","○","×","○","×","-","×","◎","◎","-","×","×","○","○","×","○","○","×"
"10/6(月)","◎","○","○","×","-","×","◎","○","○","×","-","-","×","○","-","○","○","×","○","-","○","×","×"
"10/7(火)","◎","○","○","×","×","×","×","×","○","×","-","-","○","×","-","×","○","×","○","-","○","×","×"
"10/8(水)","△","×","○","×","×","×","○","×","○","×","-","-","○","×","-","×","×","×","○","-","○","○","×"
"10/9(木)","×","×","○","×","×","○","◎","×","○","×","-","-","○","○","-","×","×","○","○","-","○","×","×"
"10/10(金)","×","○","○","×","×","○","◎","×","○","×","-","-","×","○","-","×","×","○","○","-","×","×","×"
"10/11(土)","×","○","◎","×","-","△","×","×","○","×","-","×","×","◎","-","○","◎","○","○","×","×","○","×"
"10/12(日)","×","○","◎","○","-","◎","-","×","○","×","-","×","×","◎","-","○","×","×","○","×","×","×","×"
"10/13(月)","◎","○","×","○","×","×","-","○","○","×","-","-","×","◎","-","×","○","○","○","×","×","×","×"
"10/14(火)","◎","○","○","○","×","○","×","×","○","○","-","-","○","○","-","×","○","○","○","-","○","×","×"
"10/15(水)","◎","○","○","×","×","×","-","○","○","○","-","-","×","×","-","○","○","○","○","-","×","×","×"
"10/16(木)","×","×","×","×","-","×","-","×","○","○","-","-","○","×","-","×","×","○","○","×","○","○","×"
"10/17(金)","×","○","○","×","-","○","×","○","○","○","-","-","×","○","-","×","×","○","○","-","○","×","×"
"10/18(土)","△","○","○","×","-","◎","-","○","○","○","-","×","○","×","-","○","◎","○","○","×","○","×","×"
"10/19(日)","◎","○","◎","×","-","◎","-","×","○","○","-","×","◎","-","-","×","△","○","○","×","○","○","×"
"10/20(月)","◎","○","○","×","×","○","-","○","○","○","-","-","×","×","-","×","×","○","○","-","○","×","×"
"10/21(火)","◎","○","○","×","×","○","-","×","○","○","-","-","○","○","-","×","×","○","○","-","○","×","×"
"10/22(水)","◎","○","○","×","-","○","×","○","○","○","-","×","×","×","-","×","×","○","○","×","○","○","×"
"10/23(木)","△","×","○","×","-","○","-","×","○","○","-","×","×","○","-","×","×","○","○","-","○","×","×"
"10/24(金)","×","○","○","×","-","○","-","○","○","○","-","-","○","×","-","○","×","○","○","-","○","○","×"
"10/25(土)","◎","○","◎","×","×","×","×","○","○","○","-","×","△","×","-","×","◎","○","○","-","○","×","×"
"10/26(日)","◎","○","◎","×","-","×","-","×","○","○","-","×","◎","◎","-","×","×","○","○","×","○","×","×"
"10/27(月)","◎","○","○","×","×","○","-","×","○","○","-","-","×","×","-","×","○","○","○","-","×","○","×"
"10/28(火)","◎","○","○","○","×","○","-","○","○","○","-","-","○","○","-","×","○","○","○","×","×","×","×"
"10/29(水)","◎","○","○","○","-","×","×","×","○","○","-","-","×","×","-","×","×","○","○","×","○","○","×"
"10/30(木)","△","×","○","○","×","○","-","×","○","○","-","-","×","○","-","○","×","○","○","-","○","○","◎"
"10/31(金)","×","○","○","○","×","○","-","○","○","○","-","-","×","○","-","×","×","○","○","-","○","×","×"
"11/1(土)","-","-","-","○","-","◎","×","-","-","-","-","-","-","-","◎","○","-","○","○","×","-","○","×"
"11/2(日)","-","-","-","×","-","◎","-","-","-","-","-","-","-","-","◎","○","-","○","○","×","-","○","◎"
"11/3(月)","-","-","-","○","-","◎","×","-","-","-","-","-","-","-","◎","○","-","○","○","-","-","○","◎"
"11/4(火)","-","-","-","○","-","○","-","-","-","-","-","-","-","-","×","○","-","○","×","-","-","○","×"
"11/5(水)","-","-","-","○","-","○","-","-","-","-","-","-","-","-","×","○","-","○","○","-","-","○","×"
"11/6(木)","-","-","-","○","-","○","×","-","-","-","-","-","-","-","×","×","-","×","×","-","-","×","◎"
"11/7(金)","-","-","-","○","-","○","-","-","-","-","-","-","-","-","×","×","-","×","○","-","-","×","×"
"11/8(土)","-","-","-","○","-","◎","-","-","-","-","-","-","-","-","◎","×","-","×","○","-","-","×","×"
"11/9(日)","-","-","-","○","-","-","-","-","-","-","-","-","-","-","-","○","-","×","○","-","-","-","-"
"11/10(月)","-","-","-","○","-","◎","-","-","-","-","-","-","-","-","×","○","-","×","○","-","-","×","×"
"11/11(火)","-","-","-","○","-","○","×","-","-","-","-","-","-","-","×","○","-","×","×","-","-","×","×"
"11/12(水)","-","-","-","×","-","○","-","-","-","-","-","-","-","-","○","○","-","○","○","-","-","×","○"
"11/13(木)","-","-","-","○","-","○","-","-","-","-","-","-","-","-","×","○","-","○","×","-","-","○","◎"
"11/14(金)","-","-","-","○","-","○","×","-","-","-","-","-","-","-","○","○","-","○","○","-","-","○","×"
"11/15(土)","-","-","-","○","-","◎","-","-","-","-","-","-","-","-","◎","○","-","○","○","-","-","○","×"
"11/16(日)","-","-","-","○","-","◎","-","-","-","-","-","×","-","-","◎","○","-","○","○","-","-","○","◎"
"11/17(月)","-","-","-","○","-","○","-","-","-","-","-","×","-","-","○","○","-","○","○","-","-","○","×"
"11/18(火)","-","-","-","○","-","○","×","-","-","-","-","×","-","-","×","○","-","○","×","-","-","○","×"
"11/19(水)","-","-","-","○","-","○","-","-","-","-","-","×","-","-","○","○","-","○","○","-","-","○","○"
"11/20(木)","-","-","-","○","-","○","-","-","-","-","-","×","-","-","×","×","-","○","×","-","-","○","◎"
"11/21(金)","-","-","-","○","-","○","-","-","-","-","-","×","-","-","○","×","-","○","○","-","-","○","×"
"11/22(土)","-","-","-","○","-","◎","×","-","-","-","-","×","-","-","△","○","-","○","○","-","-","○","×"
"11/23(日)","-","-","-","○","-","◎","-","-","-","-","-","×","-","-","△","○","-","○","○","-","-","○","◎"
"11/24(月)","-","-","-","○","-","◎","-","-","-","-","-","×","-","-","△","○","-","○","○","-","-","○","◎"
"11/25(火)","-","-","-","○","-","○","-","-","-","-","-","-","-","-","×","×","-","○","×","-","-","○","×"
"11/26(水)","-","-","-","○","-","○","×","-","-","-","-","-","-","-","○","×","-","○","○","-","-","○","×"
"11/27(木)","-","-","-","○","-","○","-","-","-","-","-","-","-","-","×","×","-","○","×","-","-","○","◎"
"11/28(金)","-","-","-","○","-","○","-","-","-","-","-","-","-","-","○","○","-","○","○","-","-","○","×"
"11/29(土)","-","-","-","○","-","◎","×","-","-","-","-","-","-","-","◎","○","-","○","○","-","-","○","×"
"11/30(日)","-","-","-","○","-","◎","-","-","-","-","-","-","-","-","◎","×","-","○","○","×","-","○","◎"
"最終更新日時","2025-08-31 21:30:44","2025-08-24 19:26:13","2025-08-23 21:45:40","2025-09-02 23:48:17","2025-08-31 21:27:34","2025-09-01 13:24:51","2025-09-01 15:12:16","2025-08-08 19:24:26","2025-08-23 21:47:03","2025-08-22 19:23:22","2025-08-09 15:00:24","2025-09-01 00:37:46","2025-09-03 11:44:34","2025-08-12 12:33:30","2025-09-01 14:26:33","2025-09-02 22:48:18","2025-08-18 18:52:07","2025-09-03 07:09:24","2025-09-02 00:17:25","2025-09-02 20:06:13","2025-08-31 23:01:10","2025-09-01 08:17:06","2025-09-01 14:15:44"
"コメント","","比較的空き！なんですがそういえば肉体治療中のためいきなりオワになる可能性が…あり…！(特に10.11月)すみません…！！","","翌月以降の○の日は勤務シフト次第で◎になります！自由に希望休出せるので、どこでも◎にできます！","","","10-11月シフト仮組み状態+11月はまだどこが空くか未定です🙇‍♀️  恐らく10月末解放予定","","","","","","8/25更新","","10月は死にました……","","","","","","訳あって昼卓NGなので夜のみです、申し訳ないです…！！","",""
